"date","pt","dose","coverage"
2020-12-19,"Newfoundland and Labrador","dose_1",0.19
2020-12-19,"Newfoundland and Labrador","dose_2",0
2020-12-19,"Nova Scotia","dose_1",0.11
2020-12-19,"Nova Scotia","dose_2",0
2020-12-19,"Quebec","dose_1",0.06
2020-12-19,"Quebec","dose_2",0
2020-12-19,"Manitoba","dose_1",0.06
2020-12-19,"Manitoba","dose_2",0
2020-12-19,"Saskatchewan","dose_1",0.09
2020-12-19,"Saskatchewan","dose_2",0
2020-12-19,"British Columbia","dose_1",0.07
2020-12-19,"British Columbia","dose_2",0
2020-12-19,"Yukon","dose_1",0
2020-12-19,"Yukon","dose_2",0
2020-12-19,"Northwest Territories","dose_1",0
2020-12-19,"Northwest Territories","dose_2",0
2020-12-19,"Nunavut","dose_1",0
2020-12-19,"Nunavut","dose_2",0
2020-12-26,"Newfoundland and Labrador","dose_1",0.34
2020-12-26,"Newfoundland and Labrador","dose_2",0
2020-12-26,"Prince Edward Island","dose_1",0.72
2020-12-26,"Prince Edward Island","dose_2",0
2020-12-26,"Nova Scotia","dose_1",0.23
2020-12-26,"Nova Scotia","dose_2",0
2020-12-26,"New Brunswick","dose_1",0.33
2020-12-26,"New Brunswick","dose_2",0
2020-12-26,"Quebec","dose_1",0.2
2020-12-26,"Quebec","dose_2",0
2020-12-26,"Manitoba","dose_1",0.16
2020-12-26,"Manitoba","dose_2",0
2020-12-26,"Saskatchewan","dose_1",0.15
2020-12-26,"Saskatchewan","dose_2",0
2020-12-26,"Alberta","dose_1",0.11
2020-12-26,"Alberta","dose_2",0
2020-12-26,"British Columbia","dose_1",0.24
2020-12-26,"British Columbia","dose_2",0
2020-12-26,"Yukon","dose_1",0
2020-12-26,"Yukon","dose_2",0
2020-12-26,"Northwest Territories","dose_1",0
2020-12-26,"Northwest Territories","dose_2",0
2020-12-26,"Nunavut","dose_1",0
2020-12-26,"Nunavut","dose_2",0
2021-01-02,"Newfoundland and Labrador","dose_1",0.34
2021-01-02,"Newfoundland and Labrador","dose_2",0
2021-01-02,"Prince Edward Island","dose_1",1.05
2021-01-02,"Prince Edward Island","dose_2",0
2021-01-02,"Nova Scotia","dose_1",0.28
2021-01-02,"Nova Scotia","dose_2",0
2021-01-02,"New Brunswick","dose_1",0.37
2021-01-02,"New Brunswick","dose_2",0
2021-01-02,"Quebec","dose_1",0.33
2021-01-02,"Manitoba","dose_1",0.25
2021-01-02,"Manitoba","dose_2",0
2021-01-02,"Saskatchewan","dose_1",0.3
2021-01-02,"Saskatchewan","dose_2",0
2021-01-02,"Alberta","dose_1",0.3
2021-01-02,"Alberta","dose_2",0
2021-01-02,"British Columbia","dose_1",0.48
2021-01-02,"British Columbia","dose_2",0
2021-01-02,"Yukon","dose_1",0
2021-01-02,"Yukon","dose_2",0
2021-01-02,"Northwest Territories","dose_1",0.27
2021-01-02,"Northwest Territories","dose_2",0
2021-01-02,"Nunavut","dose_1",0
2021-01-02,"Nunavut","dose_2",0
2021-01-09,"Newfoundland and Labrador","dose_1",0.55
2021-01-09,"Newfoundland and Labrador","dose_2",0.16
2021-01-09,"Prince Edward Island","dose_1",1.51
2021-01-09,"Prince Edward Island","dose_2",0
2021-01-09,"Nova Scotia","dose_1",0.28
2021-01-09,"Nova Scotia","dose_2",0.11
2021-01-09,"New Brunswick","dose_1",0.79
2021-01-09,"New Brunswick","dose_2",0
2021-01-09,"Quebec","dose_1",0.97
2021-01-09,"Manitoba","dose_1",0.63
2021-01-09,"Manitoba","dose_2",0.06
2021-01-09,"Saskatchewan","dose_1",0.47
2021-01-09,"Saskatchewan","dose_2",0.08
2021-01-09,"Alberta","dose_1",1
2021-01-09,"Alberta","dose_2",0.02
2021-01-09,"British Columbia","dose_1",1.15
2021-01-09,"British Columbia","dose_2",0
2021-01-09,"Yukon","dose_1",1.15
2021-01-09,"Yukon","dose_2",0
2021-01-09,"Northwest Territories","dose_1",1.18
2021-01-09,"Northwest Territories","dose_2",0
2021-01-09,"Nunavut","dose_1",0.05
2021-01-09,"Nunavut","dose_2",0
2021-01-16,"Newfoundland and Labrador","dose_1",0.82
2021-01-16,"Newfoundland and Labrador","dose_2",0.33
2021-01-16,"Prince Edward Island","dose_1",2.61
2021-01-16,"Prince Edward Island","dose_2",0.84
2021-01-16,"Nova Scotia","dose_1",0.58
2021-01-16,"Nova Scotia","dose_2",0.22
2021-01-16,"New Brunswick","dose_1",1
2021-01-16,"New Brunswick","dose_2",0.33
2021-01-16,"Quebec","dose_1",1.69
2021-01-16,"Ontario","dose_1",1.28
2021-01-16,"Ontario","dose_2",0.07
2021-01-16,"Manitoba","dose_1",1.19
2021-01-16,"Manitoba","dose_2",0.15
2021-01-16,"Saskatchewan","dose_1",1.21
2021-01-16,"Saskatchewan","dose_2",0.15
2021-01-16,"Alberta","dose_1",1.84
2021-01-16,"Alberta","dose_2",0.09
2021-01-16,"British Columbia","dose_1",1.72
2021-01-16,"British Columbia","dose_2",0
2021-01-16,"Yukon","dose_1",3.05
2021-01-16,"Yukon","dose_2",0
2021-01-16,"Northwest Territories","dose_1",4.35
2021-01-16,"Northwest Territories","dose_2",0
2021-01-16,"Nunavut","dose_1",5.43
2021-01-16,"Nunavut","dose_2",0
2021-01-23,"Newfoundland and Labrador","dose_1",1.43
2021-01-23,"Newfoundland and Labrador","dose_2",0.33
2021-01-23,"Prince Edward Island","dose_1",3.17
2021-01-23,"Prince Edward Island","dose_2",1.15
2021-01-23,"Nova Scotia","dose_1",0.84
2021-01-23,"Nova Scotia","dose_2",0.27
2021-01-23,"New Brunswick","dose_1",1.46
2021-01-23,"New Brunswick","dose_2",0.36
2021-01-23,"Quebec","dose_1",2.54
2021-01-23,"Ontario","dose_1",1.68
2021-01-23,"Ontario","dose_2",0.21
2021-01-23,"Manitoba","dose_1",1.87
2021-01-23,"Manitoba","dose_2",0.25
2021-01-23,"Saskatchewan","dose_1",2.01
2021-01-23,"Saskatchewan","dose_2",0.21
2021-01-23,"Alberta","dose_1",2.02
2021-01-23,"Alberta","dose_2",0.21
2021-01-23,"British Columbia","dose_1",2.27
2021-01-23,"British Columbia","dose_2",0.06
2021-01-23,"Yukon","dose_1",9.2
2021-01-23,"Yukon","dose_2",0
2021-01-23,"Northwest Territories","dose_1",21.79
2021-01-23,"Northwest Territories","dose_2",0
2021-01-23,"Nunavut","dose_1",11.29
2021-01-23,"Nunavut","dose_2",0
2021-01-30,"Newfoundland and Labrador","dose_1",1.6
2021-01-30,"Newfoundland and Labrador","dose_2",0.53
2021-01-30,"Prince Edward Island","dose_1",3.21
2021-01-30,"Prince Edward Island","dose_2",1.56
2021-01-30,"Nova Scotia","dose_1",1.22
2021-01-30,"Nova Scotia","dose_2",0.28
2021-01-30,"New Brunswick","dose_1",1.62
2021-01-30,"New Brunswick","dose_2",0.57
2021-01-30,"Quebec","dose_1",2.78
2021-01-30,"Ontario","dose_1",1.83
2021-01-30,"Ontario","dose_2",0.46
2021-01-30,"Manitoba","dose_1",2.34
2021-01-30,"Manitoba","dose_2",0.61
2021-01-30,"Saskatchewan","dose_1",2.31
2021-01-30,"Saskatchewan","dose_2",0.26
2021-01-30,"Alberta","dose_1",2.03
2021-01-30,"Alberta","dose_2",0.36
2021-01-30,"British Columbia","dose_1",2.6
2021-01-30,"British Columbia","dose_2",0.09
2021-01-30,"Yukon","dose_1",17.13
2021-01-30,"Yukon","dose_2",0
2021-01-30,"Northwest Territories","dose_1",28.14
2021-01-30,"Northwest Territories","dose_2",0.27
2021-01-30,"Nunavut","dose_1",13.87
2021-01-30,"Nunavut","dose_2",0
2021-02-06,"Newfoundland and Labrador","dose_1",1.71
2021-02-06,"Newfoundland and Labrador","dose_2",0.78
2021-02-06,"Prince Edward Island","dose_1",3.23
2021-02-06,"Prince Edward Island","dose_2",2.14
2021-02-06,"Nova Scotia","dose_1",1.3
2021-02-06,"Nova Scotia","dose_2",0.52
2021-02-06,"New Brunswick","dose_1",1.68
2021-02-06,"New Brunswick","dose_2",0.69
2021-02-06,"Quebec","dose_1",2.99
2021-02-06,"Ontario","dose_1",1.87
2021-02-06,"Ontario","dose_2",0.69
2021-02-06,"Manitoba","dose_1",2.43
2021-02-06,"Manitoba","dose_2",0.99
2021-02-06,"Saskatchewan","dose_1",2.52
2021-02-06,"Saskatchewan","dose_2",0.46
2021-02-06,"Alberta","dose_1",2.04
2021-02-06,"Alberta","dose_2",0.49
2021-02-06,"British Columbia","dose_1",2.74
2021-02-06,"British Columbia","dose_2",0.23
2021-02-06,"Yukon","dose_1",24.33
2021-02-06,"Yukon","dose_2",1.12
2021-02-06,"Northwest Territories","dose_1",29.51
2021-02-06,"Northwest Territories","dose_2",0.69
2021-02-06,"Nunavut","dose_1",14.82
2021-02-06,"Nunavut","dose_2",0.73
2021-02-13,"Newfoundland and Labrador","dose_1",1.88
2021-02-13,"Newfoundland and Labrador","dose_2",1.05
2021-02-13,"Prince Edward Island","dose_1",3.46
2021-02-13,"Prince Edward Island","dose_2",2.98
2021-02-13,"Nova Scotia","dose_1",1.48
2021-02-13,"Nova Scotia","dose_2",0.81
2021-02-13,"New Brunswick","dose_1",1.73
2021-02-13,"New Brunswick","dose_2",0.95
2021-02-13,"Quebec","dose_1",3.41
2021-02-13,"Ontario","dose_1",1.98
2021-02-13,"Ontario","dose_2",1.18
2021-02-13,"Manitoba","dose_1",2.52
2021-02-13,"Manitoba","dose_2",1.47
2021-02-13,"Saskatchewan","dose_1",2.79
2021-02-13,"Saskatchewan","dose_2",0.81
2021-02-13,"Alberta","dose_1",2.14
2021-02-13,"Alberta","dose_2",1.14
2021-02-13,"British Columbia","dose_1",2.86
2021-02-13,"British Columbia","dose_2",0.43
2021-02-13,"Yukon","dose_1",24.51
2021-02-13,"Yukon","dose_2",2.02
2021-02-13,"Northwest Territories","dose_1",31.23
2021-02-13,"Northwest Territories","dose_2",1.33
2021-02-13,"Nunavut","dose_1",16.49
2021-02-13,"Nunavut","dose_2",5.42
2021-02-20,"Newfoundland and Labrador","dose_1",2
2021-02-20,"Newfoundland and Labrador","dose_2",1.17
2021-02-20,"Prince Edward Island","dose_1",3.93
2021-02-20,"Prince Edward Island","dose_2",3.14
2021-02-20,"Nova Scotia","dose_1",1.5
2021-02-20,"Nova Scotia","dose_2",0.83
2021-02-20,"New Brunswick","dose_1",1.93
2021-02-20,"New Brunswick","dose_2",1.4
2021-02-20,"Quebec","dose_1",4.02
2021-02-20,"Ontario","dose_1",2.16
2021-02-20,"Ontario","dose_2",1.59
2021-02-20,"Manitoba","dose_1",2.62
2021-02-20,"Manitoba","dose_2",1.82
2021-02-20,"Saskatchewan","dose_1",3.2
2021-02-20,"Saskatchewan","dose_2",1.35
2021-02-20,"Alberta","dose_1",2.32
2021-02-20,"Alberta","dose_2",1.49
2021-02-20,"British Columbia","dose_1",3.15
2021-02-20,"British Columbia","dose_2",1.06
2021-02-20,"Yukon","dose_1",24.71
2021-02-20,"Yukon","dose_2",2.54
2021-02-20,"Northwest Territories","dose_1",33.39
2021-02-20,"Northwest Territories","dose_2",4.45
2021-02-20,"Nunavut","dose_1",17.7
2021-02-20,"Nunavut","dose_2",10.42
2021-02-27,"Newfoundland and Labrador","dose_1",3.19
2021-02-27,"Newfoundland and Labrador","dose_2",1.58
2021-02-27,"Prince Edward Island","dose_1",4.48
2021-02-27,"Prince Edward Island","dose_2",3.17
2021-02-27,"Nova Scotia","dose_1",1.99
2021-02-27,"Nova Scotia","dose_2",1.27
2021-02-27,"New Brunswick","dose_1",2.75
2021-02-27,"New Brunswick","dose_2",1.54
2021-02-27,"Quebec","dose_1",5.02
2021-02-27,"Ontario","dose_1",2.87
2021-02-27,"Ontario","dose_2",1.77
2021-02-27,"Manitoba","dose_1",3.37
2021-02-27,"Manitoba","dose_2",2.09
2021-02-27,"Saskatchewan","dose_1",3.92
2021-02-27,"Saskatchewan","dose_2",1.99
2021-02-27,"Alberta","dose_1",3.15
2021-02-27,"Alberta","dose_2",1.97
2021-02-27,"British Columbia","dose_1",3.69
2021-02-27,"British Columbia","dose_2",1.61
2021-02-27,"Yukon","dose_1",25.52
2021-02-27,"Yukon","dose_2",11.18
2021-02-27,"Northwest Territories","dose_1",35
2021-02-27,"Northwest Territories","dose_2",10.48
2021-02-27,"Nunavut","dose_1",18.77
2021-02-27,"Nunavut","dose_2",12.89
2021-03-06,"Newfoundland and Labrador","dose_1",4.05
2021-03-06,"Newfoundland and Labrador","dose_2",1.76
2021-03-06,"Prince Edward Island","dose_1",5.27
2021-03-06,"Prince Edward Island","dose_2",3.35
2021-03-06,"Nova Scotia","dose_1",2.52
2021-03-06,"Nova Scotia","dose_2",1.45
2021-03-06,"New Brunswick","dose_1",3.33
2021-03-06,"New Brunswick","dose_2",1.54
2021-03-06,"Quebec","dose_1",6.37
2021-03-06,"Ontario","dose_1",4.18
2021-03-06,"Ontario","dose_2",1.83
2021-03-06,"Manitoba","dose_1",4.29
2021-03-06,"Manitoba","dose_2",2.19
2021-03-06,"Saskatchewan","dose_1",4.79
2021-03-06,"Saskatchewan","dose_2",2.32
2021-03-06,"Alberta","dose_1",4.55
2021-03-06,"Alberta","dose_2",2.04
2021-03-06,"British Columbia","dose_1",4.74
2021-03-06,"British Columbia","dose_2",1.67
2021-03-06,"Yukon","dose_1",33.92
2021-03-06,"Yukon","dose_2",20.01
2021-03-06,"Northwest Territories","dose_1",39.23
2021-03-06,"Northwest Territories","dose_2",25.65
2021-03-06,"Nunavut","dose_1",23.33
2021-03-06,"Nunavut","dose_2",13.85
2021-03-13,"Newfoundland and Labrador","dose_1",5.27
2021-03-13,"Newfoundland and Labrador","dose_2",1.78
2021-03-13,"Prince Edward Island","dose_1",6.32
2021-03-13,"Prince Edward Island","dose_2",3.41
2021-03-13,"Nova Scotia","dose_1",3.22
2021-03-13,"Nova Scotia","dose_2",1.62
2021-03-13,"New Brunswick","dose_1",4.96
2021-03-13,"New Brunswick","dose_2",1.54
2021-03-13,"Quebec","dose_1",8.3
2021-03-13,"Ontario","dose_1",5.9
2021-03-13,"Ontario","dose_2",1.93
2021-03-13,"Manitoba","dose_1",5.22
2021-03-13,"Manitoba","dose_2",2.39
2021-03-13,"Saskatchewan","dose_1",5.9
2021-03-13,"Saskatchewan","dose_2",2.4
2021-03-13,"Alberta","dose_1",6.48
2021-03-13,"Alberta","dose_2",2.06
2021-03-13,"British Columbia","dose_1",6.2
2021-03-13,"British Columbia","dose_2",1.67
2021-03-13,"Yukon","dose_1",44.65
2021-03-13,"Yukon","dose_2",24.13
2021-03-13,"Northwest Territories","dose_1",45.27
2021-03-13,"Northwest Territories","dose_2",28.49
2021-03-13,"Nunavut","dose_1",26.08
2021-03-13,"Nunavut","dose_2",15.32
2021-03-20,"Newfoundland and Labrador","dose_1",7.48
2021-03-20,"Newfoundland and Labrador","dose_2",1.84
2021-03-20,"Prince Edward Island","dose_1",7.91
2021-03-20,"Prince Edward Island","dose_2",3.42
2021-03-20,"Nova Scotia","dose_1",4.11
2021-03-20,"Nova Scotia","dose_2",2.03
2021-03-20,"New Brunswick","dose_1",6.29
2021-03-20,"New Brunswick","dose_2",1.54
2021-03-20,"Quebec","dose_1",10.99
2021-03-20,"Ontario","dose_1",8.27
2021-03-20,"Ontario","dose_2",2.01
2021-03-20,"Manitoba","dose_1",6.55
2021-03-20,"Manitoba","dose_2",3.14
2021-03-20,"Saskatchewan","dose_1",8.57
2021-03-20,"Saskatchewan","dose_2",2.59
2021-03-20,"Alberta","dose_1",8.74
2021-03-20,"Alberta","dose_2",2.09
2021-03-20,"British Columbia","dose_1",8.69
2021-03-20,"British Columbia","dose_2",1.67
2021-03-20,"Yukon","dose_1",51.56
2021-03-20,"Yukon","dose_2",24.39
2021-03-20,"Northwest Territories","dose_1",50.85
2021-03-20,"Northwest Territories","dose_2",30.55
2021-03-20,"Nunavut","dose_1",30.09
2021-03-20,"Nunavut","dose_2",16.41
2021-03-27,"Newfoundland and Labrador","dose_1",9.84
2021-03-27,"Newfoundland and Labrador","dose_2",1.85
2021-03-27,"Prince Edward Island","dose_1",9.3
2021-03-27,"Prince Edward Island","dose_2",3.89
2021-03-27,"Nova Scotia","dose_1",6.52
2021-03-27,"Nova Scotia","dose_2",2.45
2021-03-27,"New Brunswick","dose_1",10.16
2021-03-27,"New Brunswick","dose_2",1.55
2021-03-27,"Quebec","dose_1",14.16
2021-03-27,"Ontario","dose_1",11.28
2021-03-27,"Ontario","dose_2",2.09
2021-03-27,"Manitoba","dose_1",8.51
2021-03-27,"Manitoba","dose_2",3.97
2021-03-27,"Saskatchewan","dose_1",11.4
2021-03-27,"Saskatchewan","dose_2",3.08
2021-03-27,"Alberta","dose_1",11.35
2021-03-27,"Alberta","dose_2",2.16
2021-03-27,"British Columbia","dose_1",11.77
2021-03-27,"British Columbia","dose_2",1.68
2021-03-27,"Yukon","dose_1",53.62
2021-03-27,"Yukon","dose_2",25.06
2021-03-27,"Northwest Territories","dose_1",54.55
2021-03-27,"Northwest Territories","dose_2",32.05
2021-03-27,"Nunavut","dose_1",33.35
2021-03-27,"Nunavut","dose_2",17.4
2021-04-03,"Newfoundland and Labrador","dose_1",15.13
2021-04-03,"Newfoundland and Labrador","dose_2",1.86
2021-04-03,"Prince Edward Island","dose_1",12.06
2021-04-03,"Prince Edward Island","dose_2",4.63
2021-04-03,"Nova Scotia","dose_1",8.45
2021-04-03,"Nova Scotia","dose_2",2.98
2021-04-03,"New Brunswick","dose_1",14.05
2021-04-03,"New Brunswick","dose_2",1.56
2021-04-03,"Quebec","dose_1",17.72
2021-04-03,"Ontario","dose_1",14.65
2021-04-03,"Ontario","dose_2",2.17
2021-04-03,"Manitoba","dose_1",10.68
2021-04-03,"Manitoba","dose_2",4.45
2021-04-03,"Saskatchewan","dose_1",15.46
2021-04-03,"Saskatchewan","dose_2",3.32
2021-04-03,"Alberta","dose_1",13.52
2021-04-03,"Alberta","dose_2",2.52
2021-04-03,"British Columbia","dose_1",15.48
2021-04-03,"British Columbia","dose_2",1.68
2021-04-03,"Yukon","dose_1",54.52
2021-04-03,"Yukon","dose_2",28.26
2021-04-03,"Northwest Territories","dose_1",55.43
2021-04-03,"Northwest Territories","dose_2",33.28
2021-04-03,"Nunavut","dose_1",34.05
2021-04-03,"Nunavut","dose_2",21.16
2021-04-10,"Newfoundland and Labrador","dose_1",19.32
2021-04-10,"Newfoundland and Labrador","dose_2",1.86
2021-04-10,"Prince Edward Island","dose_1",16.01
2021-04-10,"Prince Edward Island","dose_2",5.33
2021-04-10,"Nova Scotia","dose_1",11.78
2021-04-10,"Nova Scotia","dose_2",3.14
2021-04-10,"New Brunswick","dose_1",17.21
2021-04-10,"New Brunswick","dose_2",2
2021-04-10,"Quebec","dose_1",21.77
2021-04-10,"Quebec","dose_2",0.18
2021-04-10,"Ontario","dose_1",18.94
2021-04-10,"Ontario","dose_2",2.25
2021-04-10,"Manitoba","dose_1",15.6
2021-04-10,"Manitoba","dose_2",4.95
2021-04-10,"Saskatchewan","dose_1",21.15
2021-04-10,"Saskatchewan","dose_2",3.52
2021-04-10,"Alberta","dose_1",16.39
2021-04-10,"Alberta","dose_2",3.7
2021-04-10,"British Columbia","dose_1",19.6
2021-04-10,"British Columbia","dose_2",1.68
2021-04-10,"Yukon","dose_1",55.59
2021-04-10,"Yukon","dose_2",39.06
2021-04-10,"Northwest Territories","dose_1",56.91
2021-04-10,"Northwest Territories","dose_2",37.88
2021-04-10,"Nunavut","dose_1",34.85
2021-04-10,"Nunavut","dose_2",24.02
2021-04-17,"Newfoundland and Labrador","dose_1",23.59
2021-04-17,"Newfoundland and Labrador","dose_2",1.86
2021-04-17,"Prince Edward Island","dose_1",20.31
2021-04-17,"Prince Edward Island","dose_2",5.82
2021-04-17,"Nova Scotia","dose_1",17.53
2021-04-17,"Nova Scotia","dose_2",3.27
2021-04-17,"New Brunswick","dose_1",23.15
2021-04-17,"New Brunswick","dose_2",2.39
2021-04-17,"Quebec","dose_1",27.02
2021-04-17,"Quebec","dose_2",0.35
2021-04-17,"Ontario","dose_1",23.57
2021-04-17,"Ontario","dose_2",2.33
2021-04-17,"Manitoba","dose_1",19.35
2021-04-17,"Manitoba","dose_2",5.04
2021-04-17,"Saskatchewan","dose_1",26.22
2021-04-17,"Saskatchewan","dose_2",3.63
2021-04-17,"Alberta","dose_1",21
2021-04-17,"Alberta","dose_2",5.23
2021-04-17,"British Columbia","dose_1",24.73
2021-04-17,"British Columbia","dose_2",1.69
2021-04-17,"Yukon","dose_1",56.62
2021-04-17,"Yukon","dose_2",46.8
2021-04-17,"Northwest Territories","dose_1",58.36
2021-04-17,"Northwest Territories","dose_2",44.32
2021-04-17,"Nunavut","dose_1",36.17
2021-04-17,"Nunavut","dose_2",27.74
2021-04-24,"Newfoundland and Labrador","dose_1",28.32
2021-04-24,"Newfoundland and Labrador","dose_2",1.86
2021-04-24,"Prince Edward Island","dose_1",24.06
2021-04-24,"Prince Edward Island","dose_2",6.26
2021-04-24,"Nova Scotia","dose_1",24.05
2021-04-24,"Nova Scotia","dose_2",3.51
2021-04-24,"New Brunswick","dose_1",27.78
2021-04-24,"New Brunswick","dose_2",3.06
2021-04-24,"Quebec","dose_1",32.23
2021-04-24,"Quebec","dose_2",0.6
2021-04-24,"Ontario","dose_1",28.79
2021-04-24,"Ontario","dose_2",2.43
2021-04-24,"Manitoba","dose_1",25.26
2021-04-24,"Manitoba","dose_2",5.16
2021-04-24,"Saskatchewan","dose_1",30.51
2021-04-24,"Saskatchewan","dose_2",3.69
2021-04-24,"Alberta","dose_1",25.37
2021-04-24,"Alberta","dose_2",6.09
2021-04-24,"British Columbia","dose_1",29.59
2021-04-24,"British Columbia","dose_2",1.71
2021-04-24,"Yukon","dose_1",57.79
2021-04-24,"Yukon","dose_2",50.13
2021-04-24,"Northwest Territories","dose_1",59.46
2021-04-24,"Northwest Territories","dose_2",48.17
2021-04-24,"Nunavut","dose_1",38.47
2021-04-24,"Nunavut","dose_2",30.91
2021-05-01,"Newfoundland and Labrador","dose_1",32.9
2021-05-01,"Newfoundland and Labrador","dose_2",1.86
2021-05-01,"Prince Edward Island","dose_1",27.62
2021-05-01,"Prince Edward Island","dose_2",6.47
2021-05-01,"Nova Scotia","dose_1",28.61
2021-05-01,"Nova Scotia","dose_2",3.69
2021-05-01,"New Brunswick","dose_1",30.91
2021-05-01,"New Brunswick","dose_2",3.45
2021-05-01,"Quebec","dose_1",36.14
2021-05-01,"Quebec","dose_2",1.21
2021-05-01,"Ontario","dose_1",33.4
2021-05-01,"Ontario","dose_2",2.53
2021-05-01,"Manitoba","dose_1",29.79
2021-05-01,"Manitoba","dose_2",5.29
2021-05-01,"Saskatchewan","dose_1",34.48
2021-05-01,"Saskatchewan","dose_2",3.77
2021-05-01,"Alberta","dose_1",29.38
2021-05-01,"Alberta","dose_2",6.61
2021-05-01,"British Columbia","dose_1",34.16
2021-05-01,"British Columbia","dose_2",1.76
2021-05-01,"Yukon","dose_1",58.66
2021-05-01,"Yukon","dose_2",52.01
2021-05-01,"Northwest Territories","dose_1",60.56
2021-05-01,"Northwest Territories","dose_2",49.85
2021-05-01,"Nunavut","dose_1",40.73
2021-05-01,"Nunavut","dose_2",31.79
2021-05-08,"Newfoundland and Labrador","dose_1",37.19
2021-05-08,"Newfoundland and Labrador","dose_2",1.86
2021-05-08,"Prince Edward Island","dose_1",32.01
2021-05-08,"Prince Edward Island","dose_2",6.66
2021-05-08,"Nova Scotia","dose_1",32.88
2021-05-08,"Nova Scotia","dose_2",3.8
2021-05-08,"New Brunswick","dose_1",35.19
2021-05-08,"New Brunswick","dose_2",3.83
2021-05-08,"Quebec","dose_1",41.13
2021-05-08,"Quebec","dose_2",2.03
2021-05-08,"Ontario","dose_1",38.81
2021-05-08,"Ontario","dose_2",2.65
2021-05-08,"Manitoba","dose_1",34.23
2021-05-08,"Manitoba","dose_2",5.47
2021-05-08,"Saskatchewan","dose_1",40.83
2021-05-08,"Saskatchewan","dose_2",3.93
2021-05-08,"Alberta","dose_1",35.03
2021-05-08,"Alberta","dose_2",6.98
2021-05-08,"British Columbia","dose_1",39.28
2021-05-08,"British Columbia","dose_2",2.04
2021-05-08,"Yukon","dose_1",59.92
2021-05-08,"Yukon","dose_2",53.13
2021-05-08,"Northwest Territories","dose_1",62.8
2021-05-08,"Northwest Territories","dose_2",51.75
2021-05-08,"Nunavut","dose_1",41.66
2021-05-08,"Nunavut","dose_2",32.68
2021-05-15,"Newfoundland and Labrador","dose_1",43.37
2021-05-15,"Newfoundland and Labrador","dose_2",1.9
2021-05-15,"Prince Edward Island","dose_1",37.81
2021-05-15,"Prince Edward Island","dose_2",7.15
2021-05-15,"Nova Scotia","dose_1",39.16
2021-05-15,"Nova Scotia","dose_2",3.95
2021-05-15,"New Brunswick","dose_1",40.97
2021-05-15,"New Brunswick","dose_2",4.23
2021-05-15,"Quebec","dose_1",47.34
2021-05-15,"Quebec","dose_2",4.12
2021-05-15,"Ontario","dose_1",44.77
2021-05-15,"Ontario","dose_2",2.9
2021-05-15,"Manitoba","dose_1",40.51
2021-05-15,"Manitoba","dose_2",5.85
2021-05-15,"Saskatchewan","dose_1",46.97
2021-05-15,"Saskatchewan","dose_2",4.13
2021-05-15,"Alberta","dose_1",41.64
2021-05-15,"Alberta","dose_2",7.21
2021-05-15,"British Columbia","dose_1",45.88
2021-05-15,"British Columbia","dose_2",2.5
2021-05-15,"Yukon","dose_1",61.11
2021-05-15,"Yukon","dose_2",54.11
2021-05-15,"Northwest Territories","dose_1",65.22
2021-05-15,"Northwest Territories","dose_2",52.81
2021-05-15,"Nunavut","dose_1",42.4
2021-05-15,"Nunavut","dose_2",33.76
2021-05-22,"Newfoundland and Labrador","dose_1",49.98
2021-05-22,"Newfoundland and Labrador","dose_2",2.01
2021-05-22,"Prince Edward Island","dose_1",43.41
2021-05-22,"Prince Edward Island","dose_2",7.48
2021-05-22,"Nova Scotia","dose_1",46.46
2021-05-22,"Nova Scotia","dose_2",4.18
2021-05-22,"New Brunswick","dose_1",49.02
2021-05-22,"New Brunswick","dose_2",4.67
2021-05-22,"Quebec","dose_1",53.49
2021-05-22,"Quebec","dose_2",5.19
2021-05-22,"Ontario","dose_1",50.84
2021-05-22,"Ontario","dose_2",3.59
2021-05-22,"Manitoba","dose_1",46.49
2021-05-22,"Manitoba","dose_2",6.27
2021-05-22,"Saskatchewan","dose_1",51.25
2021-05-22,"Saskatchewan","dose_2",4.93
2021-05-22,"Alberta","dose_1",41.74
2021-05-22,"Alberta","dose_2",7.22
2021-05-22,"British Columbia","dose_1",52.51
2021-05-22,"British Columbia","dose_2",2.83
2021-05-22,"Yukon","dose_1",62.05
2021-05-22,"Yukon","dose_2",55.22
2021-05-22,"Northwest Territories","dose_1",66.44
2021-05-22,"Northwest Territories","dose_2",53.68
2021-05-22,"Nunavut","dose_1",43.22
2021-05-22,"Nunavut","dose_2",35.81
2021-05-29,"Newfoundland and Labrador","dose_1",55.72
2021-05-29,"Newfoundland and Labrador","dose_2",2.2
2021-05-29,"Prince Edward Island","dose_1",48.56
2021-05-29,"Prince Edward Island","dose_2",8.17
2021-05-29,"Nova Scotia","dose_1",54.22
2021-05-29,"Nova Scotia","dose_2",4.38
2021-05-29,"New Brunswick","dose_1",54.74
2021-05-29,"New Brunswick","dose_2",5.18
2021-05-29,"Quebec","dose_1",59.01
2021-05-29,"Quebec","dose_2",6.49
2021-05-29,"Ontario","dose_1",55.97
2021-05-29,"Ontario","dose_2",4.65
2021-05-29,"Manitoba","dose_1",52.66
2021-05-29,"Manitoba","dose_2",7.63
2021-05-29,"Saskatchewan","dose_1",54.44
2021-05-29,"Saskatchewan","dose_2",7.05
2021-05-29,"Alberta","dose_1",53.07
2021-05-29,"Alberta","dose_2",8.55
2021-05-29,"British Columbia","dose_1",58.71
2021-05-29,"British Columbia","dose_2",3.46
2021-05-29,"Yukon","dose_1",62.76
2021-05-29,"Yukon","dose_2",56.2
2021-05-29,"Northwest Territories","dose_1",68
2021-05-29,"Northwest Territories","dose_2",54.99
2021-05-29,"Nunavut","dose_1",43.73
2021-05-29,"Nunavut","dose_2",37.92
2021-06-05,"Newfoundland and Labrador","dose_1",61.13
2021-06-05,"Newfoundland and Labrador","dose_2",3.33
2021-06-05,"Prince Edward Island","dose_1",54.61
2021-06-05,"Prince Edward Island","dose_2",8.76
2021-06-05,"Nova Scotia","dose_1",59.56
2021-06-05,"Nova Scotia","dose_2",4.49
2021-06-05,"New Brunswick","dose_1",61.38
2021-06-05,"New Brunswick","dose_2",5.96
2021-06-05,"Quebec","dose_1",64.26
2021-06-05,"Quebec","dose_2",8.29
2021-06-05,"Ontario","dose_1",60.45
2021-06-05,"Ontario","dose_2",6.97
2021-06-05,"Manitoba","dose_1",56.81
2021-06-05,"Manitoba","dose_2",10.58
2021-06-05,"Saskatchewan","dose_1",56.02
2021-06-05,"Saskatchewan","dose_2",11.61
2021-06-05,"Alberta","dose_1",56.52
2021-06-05,"Alberta","dose_2",11.7
2021-06-05,"British Columbia","dose_1",63.42
2021-06-05,"British Columbia","dose_2",6.05
2021-06-05,"Yukon","dose_1",63.33
2021-06-05,"Yukon","dose_2",57.06
2021-06-05,"Northwest Territories","dose_1",59
2021-06-05,"Northwest Territories","dose_2",49.12
2021-06-05,"Nunavut","dose_1",45.17
2021-06-05,"Nunavut","dose_2",38.18
2021-06-12,"Newfoundland and Labrador","dose_1",65.95
2021-06-12,"Newfoundland and Labrador","dose_2",4.97
2021-06-12,"Prince Edward Island","dose_1",60.41
2021-06-12,"Prince Edward Island","dose_2",10.52
2021-06-12,"Nova Scotia","dose_1",64.98
2021-06-12,"Nova Scotia","dose_2",5.13
2021-06-12,"New Brunswick","dose_1",64.63
2021-06-12,"New Brunswick","dose_2",9.68
2021-06-12,"Quebec","dose_1",67.52
2021-06-12,"Quebec","dose_2",12.32
2021-06-12,"Ontario","dose_1",63.49
2021-06-12,"Ontario","dose_2",12.14
2021-06-12,"Manitoba","dose_1",59.63
2021-06-12,"Manitoba","dose_2",14.52
2021-06-12,"Saskatchewan","dose_1",57.7
2021-06-12,"Saskatchewan","dose_2",17.81
2021-06-12,"Alberta","dose_1",58.28
2021-06-12,"Alberta","dose_2",16.95
2021-06-12,"British Columbia","dose_1",65.58
2021-06-12,"British Columbia","dose_2",11.77
2021-06-12,"Yukon","dose_1",63.97
2021-06-12,"Yukon","dose_2",58.18
2021-06-12,"Northwest Territories","dose_1",59.96
2021-06-12,"Northwest Territories","dose_2",51.84
2021-06-12,"Nunavut","dose_1",46.27
2021-06-12,"Nunavut","dose_2",39.03
2021-06-19,"Newfoundland and Labrador","dose_1",69.89
2021-06-19,"Newfoundland and Labrador","dose_2",8.98
2021-06-19,"Prince Edward Island","dose_1",66.27
2021-06-19,"Prince Edward Island","dose_2",12.2
2021-06-19,"Nova Scotia","dose_1",69.29
2021-06-19,"Nova Scotia","dose_2",8.34
2021-06-19,"New Brunswick","dose_1",66.04
2021-06-19,"New Brunswick","dose_2",16.44
2021-06-19,"Quebec","dose_1",69.06
2021-06-19,"Quebec","dose_2",18.17
2021-06-19,"Ontario","dose_1",65.27
2021-06-19,"Ontario","dose_2",19.41
2021-06-19,"Manitoba","dose_1",61.39
2021-06-19,"Manitoba","dose_2",20.6
2021-06-19,"Saskatchewan","dose_1",59.15
2021-06-19,"Saskatchewan","dose_2",24.33
2021-06-19,"Alberta","dose_1",59.38
2021-06-19,"Alberta","dose_2",24.2
2021-06-19,"British Columbia","dose_1",66.65
2021-06-19,"British Columbia","dose_2",17.23
2021-06-19,"Yukon","dose_1",65.35
2021-06-19,"Yukon","dose_2",59.72
2021-06-19,"Northwest Territories","dose_1",61.03
2021-06-19,"Northwest Territories","dose_2",53.55
2021-06-19,"Nunavut","dose_1",50.3
2021-06-19,"Nunavut","dose_2",39.96
2021-06-26,"Newfoundland and Labrador","dose_1",72.77
2021-06-26,"Newfoundland and Labrador","dose_2",15.25
2021-06-26,"Prince Edward Island","dose_1",69.58
2021-06-26,"Prince Edward Island","dose_2",17.24
2021-06-26,"Nova Scotia","dose_1",70.39
2021-06-26,"Nova Scotia","dose_2",16.96
2021-06-26,"New Brunswick","dose_1",67.3
2021-06-26,"New Brunswick","dose_2",25.31
2021-06-26,"Quebec","dose_1",69.69
2021-06-26,"Quebec","dose_2",25.11
2021-06-26,"Ontario","dose_1",66.54
2021-06-26,"Ontario","dose_2",28.12
2021-06-26,"Manitoba","dose_1",62.87
2021-06-26,"Manitoba","dose_2",31.46
2021-06-26,"Saskatchewan","dose_1",60.16
2021-06-26,"Saskatchewan","dose_2",34.13
2021-06-26,"Alberta","dose_1",59.95
2021-06-26,"Alberta","dose_2",29.08
2021-06-26,"British Columbia","dose_1",68.07
2021-06-26,"British Columbia","dose_2",25.31
2021-06-26,"Yukon","dose_1",70.55
2021-06-26,"Yukon","dose_2",61.89
2021-06-26,"Northwest Territories","dose_1",61.83
2021-06-26,"Northwest Territories","dose_2",54.65
2021-06-26,"Nunavut","dose_1",53.19
2021-06-26,"Nunavut","dose_2",40.86
2021-07-03,"Newfoundland and Labrador","dose_1",73.86
2021-07-03,"Newfoundland and Labrador","dose_2",20.87
2021-07-03,"Prince Edward Island","dose_1",71.3
2021-07-03,"Prince Edward Island","dose_2",22.52
2021-07-03,"Nova Scotia","dose_1",70.87
2021-07-03,"Nova Scotia","dose_2",27.91
2021-07-03,"New Brunswick","dose_1",68.14
2021-07-03,"New Brunswick","dose_2",34.76
2021-07-03,"Quebec","dose_1",70.28
2021-07-03,"Quebec","dose_2",32.57
2021-07-03,"Ontario","dose_1",67.49
2021-07-03,"Ontario","dose_2",37.48
2021-07-03,"Manitoba","dose_1",64.64
2021-07-03,"Manitoba","dose_2",42.17
2021-07-03,"Saskatchewan","dose_1",60.95
2021-07-03,"Saskatchewan","dose_2",41.51
2021-07-03,"Alberta","dose_1",61.17
2021-07-03,"Alberta","dose_2",39.98
2021-07-03,"British Columbia","dose_1",69.1
2021-07-03,"British Columbia","dose_2",32.08
2021-07-03,"Yukon","dose_1",71.42
2021-07-03,"Yukon","dose_2",63.57
2021-07-03,"Northwest Territories","dose_1",62.42
2021-07-03,"Northwest Territories","dose_2",55.64
2021-07-03,"Nunavut","dose_1",54.32
2021-07-03,"Nunavut","dose_2",41.79
2021-07-10,"Newfoundland and Labrador","dose_1",75.39
2021-07-10,"Newfoundland and Labrador","dose_2",29.6
2021-07-10,"Prince Edward Island","dose_1",72.81
2021-07-10,"Prince Edward Island","dose_2",29.37
2021-07-10,"Nova Scotia","dose_1",71.7
2021-07-10,"Nova Scotia","dose_2",39.66
2021-07-10,"New Brunswick","dose_1",69.15
2021-07-10,"New Brunswick","dose_2",43.97
2021-07-10,"Quebec","dose_1",70.84
2021-07-10,"Quebec","dose_2",40.22
2021-07-10,"Ontario","dose_1",68.41
2021-07-10,"Ontario","dose_2",46.26
2021-07-10,"Manitoba","dose_1",66.07
2021-07-10,"Manitoba","dose_2",48.89
2021-07-10,"Saskatchewan","dose_1",61.77
2021-07-10,"Saskatchewan","dose_2",47.28
2021-07-10,"Alberta","dose_1",61.85
2021-07-10,"Alberta","dose_2",44.67
2021-07-10,"British Columbia","dose_1",70
2021-07-10,"British Columbia","dose_2",39.71
2021-07-10,"Yukon","dose_1",72.33
2021-07-10,"Yukon","dose_2",65.46
2021-07-10,"Northwest Territories","dose_1",62.94
2021-07-10,"Northwest Territories","dose_2",56.59
2021-07-10,"Nunavut","dose_1",55.58
2021-07-10,"Nunavut","dose_2",43.65
2021-07-17,"Newfoundland and Labrador","dose_1",76.35
2021-07-17,"Newfoundland and Labrador","dose_2",37.31
2021-07-17,"Prince Edward Island","dose_1",74.11
2021-07-17,"Prince Edward Island","dose_2",35.69
2021-07-17,"Nova Scotia","dose_1",73.08
2021-07-17,"Nova Scotia","dose_2",48.91
2021-07-17,"New Brunswick","dose_1",69.99
2021-07-17,"New Brunswick","dose_2",50.83
2021-07-17,"Quebec","dose_1",71.45
2021-07-17,"Quebec","dose_2",46.88
2021-07-17,"Ontario","dose_1",69.26
2021-07-17,"Ontario","dose_2",52.93
2021-07-17,"Manitoba","dose_1",67.18
2021-07-17,"Manitoba","dose_2",53.07
2021-07-17,"Saskatchewan","dose_1",62.4
2021-07-17,"Saskatchewan","dose_2",50.5
2021-07-17,"Alberta","dose_1",62.57
2021-07-17,"Alberta","dose_2",50.41
2021-07-17,"British Columbia","dose_1",70.74
2021-07-17,"British Columbia","dose_2",46.83
2021-07-17,"Yukon","dose_1",72.9
2021-07-17,"Yukon","dose_2",66.79
2021-07-17,"Northwest Territories","dose_1",63.51
2021-07-17,"Northwest Territories","dose_2",57.67
2021-07-17,"Nunavut","dose_1",56.78
2021-07-17,"Nunavut","dose_2",47.47
2021-07-24,"Newfoundland and Labrador","dose_1",76.83
2021-07-24,"Newfoundland and Labrador","dose_2",45.07
2021-07-24,"Prince Edward Island","dose_1",74.91
2021-07-24,"Prince Edward Island","dose_2",42.34
2021-07-24,"Nova Scotia","dose_1",73.45
2021-07-24,"Nova Scotia","dose_2",56.1
2021-07-24,"New Brunswick","dose_1",70.9
2021-07-24,"New Brunswick","dose_2",56.33
2021-07-24,"Quebec","dose_1",72.05
2021-07-24,"Quebec","dose_2",53.41
2021-07-24,"Ontario","dose_1",70.03
2021-07-24,"Ontario","dose_2",57.82
2021-07-24,"Manitoba","dose_1",68.16
2021-07-24,"Manitoba","dose_2",56.79
2021-07-24,"Saskatchewan","dose_1",63
2021-07-24,"Saskatchewan","dose_2",53.02
2021-07-24,"Alberta","dose_1",63.11
2021-07-24,"Alberta","dose_2",53.6
2021-07-24,"British Columbia","dose_1",71.41
2021-07-24,"British Columbia","dose_2",54.37
2021-07-24,"Yukon","dose_1",73.35
2021-07-24,"Yukon","dose_2",67.92
2021-07-24,"Northwest Territories","dose_1",63.95
2021-07-24,"Northwest Territories","dose_2",58.69
2021-07-24,"Nunavut","dose_1",57.38
2021-07-24,"Nunavut","dose_2",48.86
2021-07-31,"Newfoundland and Labrador","dose_1",77.51
2021-07-31,"Newfoundland and Labrador","dose_2",51.55
2021-07-31,"Prince Edward Island","dose_1",75.7
2021-07-31,"Prince Edward Island","dose_2",48.79
2021-07-31,"Nova Scotia","dose_1",74.24
2021-07-31,"Nova Scotia","dose_2",62.23
2021-07-31,"New Brunswick","dose_1",71.59
2021-07-31,"New Brunswick","dose_2",59.49
2021-07-31,"Quebec","dose_1",72.52
2021-07-31,"Quebec","dose_2",58.3
2021-07-31,"Ontario","dose_1",70.72
2021-07-31,"Ontario","dose_2",60.96
2021-07-31,"Manitoba","dose_1",69.3
2021-07-31,"Manitoba","dose_2",61.4
2021-07-31,"Saskatchewan","dose_1",63.5
2021-07-31,"Saskatchewan","dose_2",54.92
2021-07-31,"Alberta","dose_1",63.6
2021-07-31,"Alberta","dose_2",55.49
2021-07-31,"British Columbia","dose_1",72.05
2021-07-31,"British Columbia","dose_2",59.37
2021-07-31,"Yukon","dose_1",73.89
2021-07-31,"Yukon","dose_2",68.63
2021-07-31,"Northwest Territories","dose_1",64.35
2021-07-31,"Northwest Territories","dose_2",59.55
2021-07-31,"Nunavut","dose_1",57.86
2021-07-31,"Nunavut","dose_2",50.06
2021-08-07,"Newfoundland and Labrador","dose_1",78.26
2021-08-07,"Newfoundland and Labrador","dose_2",57.33
2021-08-07,"Prince Edward Island","dose_1",76.38
2021-08-07,"Prince Edward Island","dose_2",55.21
2021-08-07,"Nova Scotia","dose_1",75.01
2021-08-07,"Nova Scotia","dose_2",65.47
2021-08-07,"New Brunswick","dose_1",72.12
2021-08-07,"New Brunswick","dose_2",61.18
2021-08-07,"Quebec","dose_1",73.04
2021-08-07,"Quebec","dose_2",61.65
2021-08-07,"Ontario","dose_1",71.18
2021-08-07,"Ontario","dose_2",62.87
2021-08-07,"Manitoba","dose_1",69.8
2021-08-07,"Manitoba","dose_2",62.77
2021-08-07,"Saskatchewan","dose_1",63.85
2021-08-07,"Saskatchewan","dose_2",55.96
2021-08-07,"Alberta","dose_1",63.97
2021-08-07,"Alberta","dose_2",56.54
2021-08-07,"British Columbia","dose_1",72.64
2021-08-07,"British Columbia","dose_2",62.31
2021-08-07,"Yukon","dose_1",74.37
2021-08-07,"Yukon","dose_2",69.49
2021-08-07,"Northwest Territories","dose_1",64.74
2021-08-07,"Northwest Territories","dose_2",60.19
2021-08-07,"Nunavut","dose_1",58.27
2021-08-07,"Nunavut","dose_2",50.78
2021-08-14,"Newfoundland and Labrador","dose_1",79
2021-08-14,"Newfoundland and Labrador","dose_2",62.25
2021-08-14,"Prince Edward Island","dose_1",76.92
2021-08-14,"Prince Edward Island","dose_2",61.22
2021-08-14,"Nova Scotia","dose_1",75.36
2021-08-14,"Nova Scotia","dose_2",66.7
2021-08-14,"New Brunswick","dose_1",72.59
2021-08-14,"New Brunswick","dose_2",62.66
2021-08-14,"Quebec","dose_1",73.72
2021-08-14,"Quebec","dose_2",64.54
2021-08-14,"Ontario","dose_1",71.66
2021-08-14,"Ontario","dose_2",64.51
2021-08-14,"Manitoba","dose_1",70.21
2021-08-14,"Manitoba","dose_2",64.03
2021-08-14,"Saskatchewan","dose_1",64.19
2021-08-14,"Saskatchewan","dose_2",56.78
2021-08-14,"Alberta","dose_1",64.34
2021-08-14,"Alberta","dose_2",57.37
2021-08-14,"British Columbia","dose_1",73.17
2021-08-14,"British Columbia","dose_2",64.88
2021-08-14,"Yukon","dose_1",74.63
2021-08-14,"Yukon","dose_2",70.05
2021-08-14,"Northwest Territories","dose_1",65.27
2021-08-14,"Northwest Territories","dose_2",61.12
2021-08-14,"Nunavut","dose_1",58.72
2021-08-14,"Nunavut","dose_2",51.46
2021-08-21,"Newfoundland and Labrador","dose_1",79.52
2021-08-21,"Newfoundland and Labrador","dose_2",67.04
2021-08-21,"Prince Edward Island","dose_1",77.45
2021-08-21,"Prince Edward Island","dose_2",66.28
2021-08-21,"Nova Scotia","dose_1",75.61
2021-08-21,"Nova Scotia","dose_2",67.94
2021-08-21,"New Brunswick","dose_1",73.1
2021-08-21,"New Brunswick","dose_2",63.84
2021-08-21,"Quebec","dose_1",74.39
2021-08-21,"Quebec","dose_2",67.29
2021-08-21,"Ontario","dose_1",72.25
2021-08-21,"Ontario","dose_2",65.8
2021-08-21,"Manitoba","dose_1",70.6
2021-08-21,"Manitoba","dose_2",65.03
2021-08-21,"Saskatchewan","dose_1",64.62
2021-08-21,"Saskatchewan","dose_2",57.55
2021-08-21,"Alberta","dose_1",64.75
2021-08-21,"Alberta","dose_2",58.13
2021-08-21,"British Columbia","dose_1",73.67
2021-08-21,"British Columbia","dose_2",66.41
2021-08-21,"Yukon","dose_1",74.9
2021-08-21,"Yukon","dose_2",70.59
2021-08-21,"Northwest Territories","dose_1",66.22
2021-08-21,"Northwest Territories","dose_2",61.82
2021-08-21,"Nunavut","dose_1",59.3
2021-08-21,"Nunavut","dose_2",52.17
2021-08-28,"Newfoundland and Labrador","dose_1",80.02
2021-08-28,"Newfoundland and Labrador","dose_2",69.71
2021-08-28,"Prince Edward Island","dose_1",77.94
2021-08-28,"Prince Edward Island","dose_2",68.87
2021-08-28,"Nova Scotia","dose_1",76.14
2021-08-28,"Nova Scotia","dose_2",69.31
2021-08-28,"New Brunswick","dose_1",73.71
2021-08-28,"New Brunswick","dose_2",65.85
2021-08-28,"Quebec","dose_1",75.07
2021-08-28,"Quebec","dose_2",69.28
2021-08-28,"Ontario","dose_1",72.83
2021-08-28,"Ontario","dose_2",66.86
2021-08-28,"Manitoba","dose_1",71.11
2021-08-28,"Manitoba","dose_2",66.08
2021-08-28,"Saskatchewan","dose_1",65.13
2021-08-28,"Saskatchewan","dose_2",58.25
2021-08-28,"Alberta","dose_1",65.25
2021-08-28,"Alberta","dose_2",58.9
2021-08-28,"British Columbia","dose_1",74.57
2021-08-28,"British Columbia","dose_2",67.72
2021-08-28,"Yukon","dose_1",75.24
2021-08-28,"Yukon","dose_2",71.15
2021-08-28,"Northwest Territories","dose_1",67.09
2021-08-28,"Northwest Territories","dose_2",62.54
2021-08-28,"Nunavut","dose_1",59.75
2021-08-28,"Nunavut","dose_2",52.79
2021-09-04,"Newfoundland and Labrador","dose_1",80.48
2021-09-04,"Newfoundland and Labrador","dose_2",71.34
2021-09-04,"Prince Edward Island","dose_1",78.39
2021-09-04,"Prince Edward Island","dose_2",70.43
2021-09-04,"Nova Scotia","dose_1",76.49
2021-09-04,"Nova Scotia","dose_2",70.07
2021-09-04,"New Brunswick","dose_1",73.75
2021-09-04,"New Brunswick","dose_2",65.97
2021-09-04,"Quebec","dose_1",75.81
2021-09-04,"Quebec","dose_2",70.81
2021-09-04,"Ontario","dose_1",73.43
2021-09-04,"Ontario","dose_2",67.67
2021-09-04,"Manitoba","dose_1",71.97
2021-09-04,"Manitoba","dose_2",67.2
2021-09-04,"Saskatchewan","dose_1",65.67
2021-09-04,"Saskatchewan","dose_2",58.92
2021-09-04,"Alberta","dose_1",65.84
2021-09-04,"Alberta","dose_2",59.64
2021-09-04,"British Columbia","dose_1",75.27
2021-09-04,"British Columbia","dose_2",68.68
2021-09-04,"Yukon","dose_1",75.49
2021-09-04,"Yukon","dose_2",71.54
2021-09-04,"Northwest Territories","dose_1",67.61
2021-09-04,"Northwest Territories","dose_2",62.95
2021-09-04,"Nunavut","dose_1",60.17
2021-09-04,"Nunavut","dose_2",53.2
2021-09-11,"Newfoundland and Labrador","dose_1",80.92
2021-09-11,"Newfoundland and Labrador","dose_2",72.21
2021-09-11,"Prince Edward Island","dose_1",78.79
2021-09-11,"Prince Edward Island","dose_2",71.61
2021-09-11,"Nova Scotia","dose_1",77.02
2021-09-11,"Nova Scotia","dose_2",71.01
2021-09-11,"New Brunswick","dose_1",74.8
2021-09-11,"New Brunswick","dose_2",67.66
2021-09-11,"Quebec","dose_1",76.42
2021-09-11,"Quebec","dose_2",71.98
2021-09-11,"Ontario","dose_1",74.18
2021-09-11,"Ontario","dose_2",68.61
2021-09-11,"Manitoba","dose_1",72.62
2021-09-11,"Manitoba","dose_2",67.93
2021-09-11,"Saskatchewan","dose_1",66.15
2021-09-11,"Saskatchewan","dose_2",59.5
2021-09-11,"Alberta","dose_1",66.35
2021-09-11,"Alberta","dose_2",60.14
2021-09-11,"British Columbia","dose_1",75.97
2021-09-11,"British Columbia","dose_2",69.45
2021-09-11,"Yukon","dose_1",75.72
2021-09-11,"Yukon","dose_2",71.91
2021-09-11,"Northwest Territories","dose_1",68.24
2021-09-11,"Northwest Territories","dose_2",63.52
2021-09-11,"Nunavut","dose_1",60.91
2021-09-11,"Nunavut","dose_2",53.61
2021-09-18,"Newfoundland and Labrador","dose_1",81.36
2021-09-18,"Newfoundland and Labrador","dose_2",73.45
2021-09-18,"Prince Edward Island","dose_1",79.35
2021-09-18,"Prince Edward Island","dose_2",72.74
2021-09-18,"Nova Scotia","dose_1",77.77
2021-09-18,"Nova Scotia","dose_2",71.96
2021-09-18,"New Brunswick","dose_1",75.53
2021-09-18,"New Brunswick","dose_2",68.46
2021-09-18,"Quebec","dose_1",77.02
2021-09-18,"Quebec","dose_2",73.06
2021-09-18,"Ontario","dose_1",74.79
2021-09-18,"Ontario","dose_2",69.48
2021-09-18,"Manitoba","dose_1",73.21
2021-09-18,"Manitoba","dose_2",68.66
2021-09-18,"Saskatchewan","dose_1",67.04
2021-09-18,"Saskatchewan","dose_2",60.29
2021-09-18,"Alberta","dose_1",68.23
2021-09-18,"Alberta","dose_2",61.34
2021-09-18,"British Columbia","dose_1",76.84
2021-09-18,"British Columbia","dose_2",70.35
2021-09-18,"Yukon","dose_1",75.93
2021-09-18,"Yukon","dose_2",72.29
2021-09-18,"Northwest Territories","dose_1",68.74
2021-09-18,"Northwest Territories","dose_2",64.25
2021-09-18,"Nunavut","dose_1",61.6
2021-09-18,"Nunavut","dose_2",54.05
2021-09-25,"Newfoundland and Labrador","dose_1",81.95
2021-09-25,"Newfoundland and Labrador","dose_2",74.35
2021-09-25,"Prince Edward Island","dose_1",79.96
2021-09-25,"Prince Edward Island","dose_2",73.66
2021-09-25,"Nova Scotia","dose_1",78.46
2021-09-25,"Nova Scotia","dose_2",72.76
2021-09-25,"New Brunswick","dose_1",76.97
2021-09-25,"New Brunswick","dose_2",69.64
2021-09-25,"Quebec","dose_1",77.35
2021-09-25,"Quebec","dose_2",73.78
2021-09-25,"Ontario","dose_1",75.48
2021-09-25,"Ontario","dose_2",70.58
2021-09-25,"Manitoba","dose_1",73.63
2021-09-25,"Manitoba","dose_2",69.34
2021-09-25,"Saskatchewan","dose_1",68.27
2021-09-25,"Saskatchewan","dose_2",61.25
2021-09-25,"Alberta","dose_1",69.53
2021-09-25,"Alberta","dose_2",62.21
2021-09-25,"British Columbia","dose_1",77.61
2021-09-25,"British Columbia","dose_2",71.32
2021-09-25,"Yukon","dose_1",75.95
2021-09-25,"Yukon","dose_2",72.43
2021-09-25,"Northwest Territories","dose_1",69.2
2021-09-25,"Northwest Territories","dose_2",64.81
2021-09-25,"Nunavut","dose_1",62.42
2021-09-25,"Nunavut","dose_2",54.75
2021-10-02,"Newfoundland and Labrador","dose_1",82.71
2021-10-02,"Newfoundland and Labrador","dose_2",75.59
2021-10-02,"Prince Edward Island","dose_1",80.58
2021-10-02,"Prince Edward Island","dose_2",74.61
2021-10-02,"Nova Scotia","dose_1",79.12
2021-10-02,"Nova Scotia","dose_2",73.56
2021-10-02,"New Brunswick","dose_1",78.29
2021-10-02,"New Brunswick","dose_2",70.91
2021-10-02,"Quebec","dose_1",77.66
2021-10-02,"Quebec","dose_2",74.43
2021-10-02,"Quebec","dose_3",0.7
2021-10-02,"Ontario","dose_1",76.03
2021-10-02,"Ontario","dose_2",71.52
2021-10-02,"Manitoba","dose_1",74.05
2021-10-02,"Manitoba","dose_2",70.13
2021-10-02,"Manitoba","dose_3",0.4
2021-10-02,"Saskatchewan","dose_1",69.46
2021-10-02,"Saskatchewan","dose_2",62.29
2021-10-02,"Alberta","dose_1",70.59
2021-10-02,"Alberta","dose_2",63.08
2021-10-02,"Alberta","dose_3",2.96
2021-10-02,"British Columbia","dose_1",78.07
2021-10-02,"British Columbia","dose_2",72.31
2021-10-02,"British Columbia","dose_3",0.09
2021-10-02,"Yukon","dose_1",75.8
2021-10-02,"Yukon","dose_2",72.41
2021-10-02,"Yukon","dose_3",0.17
2021-10-02,"Northwest Territories","dose_1",69.69
2021-10-02,"Northwest Territories","dose_2",65.29
2021-10-02,"Nunavut","dose_1",63.1
2021-10-02,"Nunavut","dose_2",55.5
2021-10-09,"Newfoundland and Labrador","dose_1",83.6
2021-10-09,"Newfoundland and Labrador","dose_2",76.8
2021-10-09,"Prince Edward Island","dose_1",81.4
2021-10-09,"Prince Edward Island","dose_2",75.7
2021-10-09,"Nova Scotia","dose_1",79.87
2021-10-09,"Nova Scotia","dose_2",74.51
2021-10-09,"New Brunswick","dose_1",79.29
2021-10-09,"New Brunswick","dose_2",71.72
2021-10-09,"Quebec","dose_1",77.97
2021-10-09,"Quebec","dose_2",75.07
2021-10-09,"Quebec","dose_3",0.77
2021-10-09,"Ontario","dose_1",76.53
2021-10-09,"Ontario","dose_2",72.37
2021-10-09,"Manitoba","dose_1",74.56
2021-10-09,"Manitoba","dose_2",70.93
2021-10-09,"Manitoba","dose_3",0.94
2021-10-09,"Saskatchewan","dose_1",70.72
2021-10-09,"Saskatchewan","dose_2",63.44
2021-10-09,"Saskatchewan","dose_3",3.29
2021-10-09,"Alberta","dose_1",71.47
2021-10-09,"Alberta","dose_2",64
2021-10-09,"Alberta","dose_3",3.54
2021-10-09,"British Columbia","dose_1",78.56
2021-10-09,"British Columbia","dose_2",73.13
2021-10-09,"British Columbia","dose_3",0.22
2021-10-09,"Yukon","dose_1",75.58
2021-10-09,"Yukon","dose_2",72.26
2021-10-09,"Yukon","dose_3",0.69
2021-10-09,"Northwest Territories","dose_1",70.19
2021-10-09,"Northwest Territories","dose_2",65.98
2021-10-09,"Nunavut","dose_1",63.73
2021-10-09,"Nunavut","dose_2",56.13
2021-10-16,"Newfoundland and Labrador","dose_1",84.63
2021-10-16,"Newfoundland and Labrador","dose_2",77.87
2021-10-16,"Prince Edward Island","dose_1",81.91
2021-10-16,"Prince Edward Island","dose_2",76.62
2021-10-16,"Nova Scotia","dose_1",80.59
2021-10-16,"Nova Scotia","dose_2",75.34
2021-10-16,"New Brunswick","dose_1",80.02
2021-10-16,"New Brunswick","dose_2",72.56
2021-10-16,"Quebec","dose_1",78.26
2021-10-16,"Quebec","dose_2",75.61
2021-10-16,"Quebec","dose_3",0.87
2021-10-16,"Ontario","dose_1",76.9
2021-10-16,"Ontario","dose_2",73.06
2021-10-16,"Manitoba","dose_1",75.02
2021-10-16,"Manitoba","dose_2",71.58
2021-10-16,"Manitoba","dose_3",1.58
2021-10-16,"Saskatchewan","dose_1",71.41
2021-10-16,"Saskatchewan","dose_2",64.37
2021-10-16,"Saskatchewan","dose_3",3.68
2021-10-16,"Alberta","dose_1",72.1
2021-10-16,"Alberta","dose_2",65.2
2021-10-16,"Alberta","dose_3",4.33
2021-10-16,"British Columbia","dose_1",78.91
2021-10-16,"British Columbia","dose_2",73.89
2021-10-16,"British Columbia","dose_3",0.82
2021-10-16,"Yukon","dose_1",75.64
2021-10-16,"Yukon","dose_2",72.36
2021-10-16,"Yukon","dose_3",0.87
2021-10-16,"Northwest Territories","dose_1",70.66
2021-10-16,"Northwest Territories","dose_2",66.54
2021-10-16,"Nunavut","dose_1",64.84
2021-10-16,"Nunavut","dose_2",56.83
2021-10-23,"Newfoundland and Labrador","dose_1",86.01
2021-10-23,"Newfoundland and Labrador","dose_2",79.5
2021-10-23,"Prince Edward Island","dose_1",82.39
2021-10-23,"Prince Edward Island","dose_2",77.34
2021-10-23,"Nova Scotia","dose_1",81.21
2021-10-23,"Nova Scotia","dose_2",76.17
2021-10-23,"Nova Scotia","dose_3",0.08
2021-10-23,"New Brunswick","dose_1",80.61
2021-10-23,"New Brunswick","dose_2",73.77
2021-10-23,"Quebec","dose_1",78.52
2021-10-23,"Quebec","dose_2",76.04
2021-10-23,"Quebec","dose_3",1.09
2021-10-23,"Ontario","dose_1",77.26
2021-10-23,"Ontario","dose_2",73.74
2021-10-23,"Manitoba","dose_1",75.36
2021-10-23,"Manitoba","dose_2",72.12
2021-10-23,"Manitoba","dose_3",2.15
2021-10-23,"Saskatchewan","dose_1",72.06
2021-10-23,"Saskatchewan","dose_2",65.59
2021-10-23,"Saskatchewan","dose_3",4.14
2021-10-23,"Alberta","dose_1",72.69
2021-10-23,"Alberta","dose_2",66.72
2021-10-23,"Alberta","dose_3",5.14
2021-10-23,"British Columbia","dose_1",79.29
2021-10-23,"British Columbia","dose_2",74.77
2021-10-23,"British Columbia","dose_3",1.47
2021-10-23,"Yukon","dose_1",75.97
2021-10-23,"Yukon","dose_2",72.63
2021-10-23,"Yukon","dose_3",0.96
2021-10-23,"Northwest Territories","dose_1",71.39
2021-10-23,"Northwest Territories","dose_2",67.16
2021-10-23,"Nunavut","dose_1",65.73
2021-10-23,"Nunavut","dose_2",57.5
2021-10-30,"Newfoundland and Labrador","dose_1",86.73
2021-10-30,"Newfoundland and Labrador","dose_2",80.51
2021-10-30,"Prince Edward Island","dose_1",82.72
2021-10-30,"Prince Edward Island","dose_2",78.09
2021-10-30,"Nova Scotia","dose_1",81.62
2021-10-30,"Nova Scotia","dose_2",76.93
2021-10-30,"Nova Scotia","dose_3",0.25
2021-10-30,"New Brunswick","dose_1",81.03
2021-10-30,"New Brunswick","dose_2",74.94
2021-10-30,"Quebec","dose_1",78.7
2021-10-30,"Quebec","dose_2",76.37
2021-10-30,"Quebec","dose_3",1.41
2021-10-30,"Ontario","dose_1",77.55
2021-10-30,"Ontario","dose_2",74.33
2021-10-30,"Manitoba","dose_1",75.65
2021-10-30,"Manitoba","dose_2",72.6
2021-10-30,"Manitoba","dose_3",2.73
2021-10-30,"Saskatchewan","dose_1",72.58
2021-10-30,"Saskatchewan","dose_2",66.85
2021-10-30,"Saskatchewan","dose_3",4.71
2021-10-30,"Alberta","dose_1",73.02
2021-10-30,"Alberta","dose_2",67.65
2021-10-30,"Alberta","dose_3",5.8
2021-10-30,"British Columbia","dose_1",79.6
2021-10-30,"British Columbia","dose_2",75.59
2021-10-30,"British Columbia","dose_3",2.05
2021-10-30,"Yukon","dose_1",76.26
2021-10-30,"Yukon","dose_2",72.79
2021-10-30,"Yukon","dose_3",1.09
2021-10-30,"Northwest Territories","dose_1",71.88
2021-10-30,"Northwest Territories","dose_2",67.74
2021-10-30,"Nunavut","dose_1",66.32
2021-10-30,"Nunavut","dose_2",58.13
2021-11-06,"Newfoundland and Labrador","dose_1",87.14
2021-11-06,"Newfoundland and Labrador","dose_2",81.33
2021-11-06,"Prince Edward Island","dose_1",82.91
2021-11-06,"Prince Edward Island","dose_2",78.6
2021-11-06,"Nova Scotia","dose_1",81.86
2021-11-06,"Nova Scotia","dose_2",77.46
2021-11-06,"Nova Scotia","dose_3",0.46
2021-11-06,"New Brunswick","dose_1",81.27
2021-11-06,"New Brunswick","dose_2",75.69
2021-11-06,"Quebec","dose_1",78.85
2021-11-06,"Quebec","dose_2",76.63
2021-11-06,"Quebec","dose_3",1.87
2021-11-06,"Ontario","dose_1",77.78
2021-11-06,"Ontario","dose_2",74.78
2021-11-06,"Manitoba","dose_1",75.91
2021-11-06,"Manitoba","dose_2",73.02
2021-11-06,"Manitoba","dose_3",3.44
2021-11-06,"Saskatchewan","dose_1",73.02
2021-11-06,"Saskatchewan","dose_2",67.94
2021-11-06,"Saskatchewan","dose_3",5.73
2021-11-06,"Alberta","dose_1",73.35
2021-11-06,"Alberta","dose_2",68.47
2021-11-06,"Alberta","dose_3",6.27
2021-11-06,"British Columbia","dose_1",79.86
2021-11-06,"British Columbia","dose_2",76.2
2021-11-06,"British Columbia","dose_3",2.9
2021-11-06,"Yukon","dose_1",77.67
2021-11-06,"Yukon","dose_2",74.11
2021-11-06,"Yukon","dose_3",4.26
2021-11-06,"Northwest Territories","dose_1",72.36
2021-11-06,"Northwest Territories","dose_2",68.4
2021-11-06,"Nunavut","dose_1",66.75
2021-11-06,"Nunavut","dose_2",58.7
2021-11-13,"Newfoundland and Labrador","dose_1",87.46
2021-11-13,"Newfoundland and Labrador","dose_2",82.2
2021-11-13,"Prince Edward Island","dose_1",83.19
2021-11-13,"Prince Edward Island","dose_2",79.42
2021-11-13,"Nova Scotia","dose_1",82.06
2021-11-13,"Nova Scotia","dose_2",77.95
2021-11-13,"Nova Scotia","dose_3",0.74
2021-11-13,"New Brunswick","dose_1",81.48
2021-11-13,"New Brunswick","dose_2",76.33
2021-11-13,"Quebec","dose_1",79.03
2021-11-13,"Quebec","dose_2",76.91
2021-11-13,"Quebec","dose_3",2.32
2021-11-13,"Ontario","dose_1",78.01
2021-11-13,"Ontario","dose_2",75.2
2021-11-13,"Manitoba","dose_1",76.11
2021-11-13,"Manitoba","dose_2",73.35
2021-11-13,"Manitoba","dose_3",4.07
2021-11-13,"Saskatchewan","dose_1",73.35
2021-11-13,"Saskatchewan","dose_2",68.71
2021-11-13,"Saskatchewan","dose_3",6.29
2021-11-13,"Alberta","dose_1",73.66
2021-11-13,"Alberta","dose_2",69.24
2021-11-13,"Alberta","dose_3",7.02
2021-11-13,"British Columbia","dose_1",80.08
2021-11-13,"British Columbia","dose_2",76.66
2021-11-13,"British Columbia","dose_3",3.97
2021-11-13,"Yukon","dose_1",77.87
2021-11-13,"Yukon","dose_2",74.27
2021-11-13,"Yukon","dose_3",7.19
2021-11-13,"Northwest Territories","dose_1",72.36
2021-11-13,"Northwest Territories","dose_2",68.4
2021-11-13,"Nunavut","dose_1",67.34
2021-11-13,"Nunavut","dose_2",59.33
2021-11-20,"Newfoundland and Labrador","dose_1",87.8
2021-11-20,"Newfoundland and Labrador","dose_2",83.31
2021-11-20,"Prince Edward Island","dose_1",83.39
2021-11-20,"Prince Edward Island","dose_2",80.02
2021-11-20,"Nova Scotia","dose_1",82.8
2021-11-20,"Nova Scotia","dose_2",79.19
2021-11-20,"Nova Scotia","dose_3",0.98
2021-11-20,"New Brunswick","dose_1",81.71
2021-11-20,"New Brunswick","dose_2",77.05
2021-11-20,"Quebec","dose_1",79.21
2021-11-20,"Quebec","dose_2",77.17
2021-11-20,"Quebec","dose_3",2.7
2021-11-20,"Ontario","dose_1",78.23
2021-11-20,"Ontario","dose_2",75.59
2021-11-20,"Manitoba","dose_1",76.34
2021-11-20,"Manitoba","dose_2",73.72
2021-11-20,"Manitoba","dose_3",4.67
2021-11-20,"Saskatchewan","dose_1",73.66
2021-11-20,"Saskatchewan","dose_2",69.41
2021-11-20,"Saskatchewan","dose_3",6.64
2021-11-20,"Alberta","dose_1",74.06
2021-11-20,"Alberta","dose_2",70.04
2021-11-20,"Alberta","dose_3",7.66
2021-11-20,"British Columbia","dose_1",80.26
2021-11-20,"British Columbia","dose_2",77.07
2021-11-20,"British Columbia","dose_3",5.44
2021-11-20,"Yukon","dose_1",78.25
2021-11-20,"Yukon","dose_2",74.7
2021-11-20,"Yukon","dose_3",12.75
2021-11-20,"Northwest Territories","dose_1",72.91
2021-11-20,"Northwest Territories","dose_2",69.46
2021-11-20,"Nunavut","dose_1",68.06
2021-11-20,"Nunavut","dose_2",60.03
2021-11-27,"Newfoundland and Labrador","dose_1",88.61
2021-11-27,"Newfoundland and Labrador","dose_2",84.24
2021-11-27,"Prince Edward Island","dose_1",83.94
2021-11-27,"Prince Edward Island","dose_2",80.49
2021-11-27,"Nova Scotia","dose_1",83.02
2021-11-27,"Nova Scotia","dose_2",79.64
2021-11-27,"Nova Scotia","dose_3",1.68
2021-11-27,"New Brunswick","dose_1",82.14
2021-11-27,"New Brunswick","dose_2",77.61
2021-11-27,"Quebec","dose_1",79.95
2021-11-27,"Quebec","dose_2",77.42
2021-11-27,"Quebec","dose_3",2.96
2021-11-27,"Ontario","dose_1",78.77
2021-11-27,"Ontario","dose_2",75.9
2021-11-27,"Manitoba","dose_1",77.09
2021-11-27,"Manitoba","dose_2",74.06
2021-11-27,"Manitoba","dose_3",5.4
2021-11-27,"Saskatchewan","dose_1",75.1
2021-11-27,"Saskatchewan","dose_2",69.99
2021-11-27,"Saskatchewan","dose_3",6.97
2021-11-27,"Alberta","dose_1",75.43
2021-11-27,"Alberta","dose_2",70.89
2021-11-27,"Alberta","dose_3",8.13
2021-11-27,"British Columbia","dose_1",80.44
2021-11-27,"British Columbia","dose_2",77.44
2021-11-27,"British Columbia","dose_3",7.21
2021-11-27,"Yukon","dose_1",78.68
2021-11-27,"Yukon","dose_2",75.1
2021-11-27,"Yukon","dose_3",16.57
2021-11-27,"Northwest Territories","dose_1",73.62
2021-11-27,"Northwest Territories","dose_2",69.98
2021-11-27,"Nunavut","dose_1",68.73
2021-11-27,"Nunavut","dose_2",60.78
2021-12-04,"Newfoundland and Labrador","dose_1",90
2021-12-04,"Newfoundland and Labrador","dose_2",84.89
2021-12-04,"Newfoundland and Labrador","dose_3",0.91
2021-12-04,"Prince Edward Island","dose_1",84.87
2021-12-04,"Prince Edward Island","dose_2",80.85
2021-12-04,"Prince Edward Island","dose_3",4.55
2021-12-04,"Nova Scotia","dose_1",84.04
2021-12-04,"Nova Scotia","dose_2",80.06
2021-12-04,"Nova Scotia","dose_3",2.7
2021-12-04,"New Brunswick","dose_1",83.1
2021-12-04,"New Brunswick","dose_2",77.96
2021-12-04,"Quebec","dose_1",81.45
2021-12-04,"Quebec","dose_2",77.64
2021-12-04,"Quebec","dose_3",3.47
2021-12-04,"Ontario","dose_1",79.66
2021-12-04,"Ontario","dose_2",75.93
2021-12-04,"Ontario","dose_3",5.46
2021-12-04,"Manitoba","dose_1",78.7
2021-12-04,"Manitoba","dose_2",74.35
2021-12-04,"Manitoba","dose_3",6.68
2021-12-04,"Saskatchewan","dose_1",76.9
2021-12-04,"Saskatchewan","dose_2",70.43
2021-12-04,"Saskatchewan","dose_3",7.63
2021-12-04,"Alberta","dose_1",75.76
2021-12-04,"Alberta","dose_2",70.97
2021-12-04,"Alberta","dose_3",8.88
2021-12-04,"British Columbia","dose_1",81.15
2021-12-04,"British Columbia","dose_2",77.77
2021-12-04,"British Columbia","dose_3",9
2021-12-04,"Yukon","dose_1",79.04
2021-12-04,"Yukon","dose_2",75.62
2021-12-04,"Yukon","dose_3",19.59
2021-12-04,"Northwest Territories","dose_1",76.31
2021-12-04,"Northwest Territories","dose_2",70.52
2021-12-04,"Nunavut","dose_1",70.91
2021-12-04,"Nunavut","dose_2",61.29
2021-12-11,"Newfoundland and Labrador","dose_1",91.48
2021-12-11,"Newfoundland and Labrador","dose_2",85.33
2021-12-11,"Newfoundland and Labrador","dose_3",1.25
2021-12-11,"Prince Edward Island","dose_1",85.65
2021-12-11,"Prince Edward Island","dose_2",81.15
2021-12-11,"Prince Edward Island","dose_3",5.49
2021-12-11,"Nova Scotia","dose_1",85.95
2021-12-11,"Nova Scotia","dose_2",80.56
2021-12-11,"Nova Scotia","dose_3",4.12
2021-12-11,"New Brunswick","dose_1",84.07
2021-12-11,"New Brunswick","dose_2",78.22
2021-12-11,"New Brunswick","dose_3",8.3
2021-12-11,"Quebec","dose_1",82.73
2021-12-11,"Quebec","dose_2",77.85
2021-12-11,"Quebec","dose_3",4.58
2021-12-11,"Ontario","dose_1",80.56
2021-12-11,"Ontario","dose_2",76.14
2021-12-11,"Ontario","dose_3",7.47
2021-12-11,"Manitoba","dose_1",79.64
2021-12-11,"Manitoba","dose_2",74.3
2021-12-11,"Manitoba","dose_3",8.77
2021-12-11,"Saskatchewan","dose_1",77.63
2021-12-11,"Saskatchewan","dose_2",70.79
2021-12-11,"Saskatchewan","dose_3",9.79
2021-12-11,"Alberta","dose_1",76.49
2021-12-11,"Alberta","dose_2",71.3
2021-12-11,"Alberta","dose_3",10.86
2021-12-11,"British Columbia","dose_1",82.09
2021-12-11,"British Columbia","dose_2",77.95
2021-12-11,"British Columbia","dose_3",10.81
2021-12-11,"Yukon","dose_1",80.33
2021-12-11,"Yukon","dose_2",75.58
2021-12-11,"Yukon","dose_3",22.66
2021-12-11,"Northwest Territories","dose_1",77.41
2021-12-11,"Northwest Territories","dose_2",70.69
2021-12-11,"Northwest Territories","dose_3",29.73
2021-12-11,"Nunavut","dose_1",74.37
2021-12-11,"Nunavut","dose_2",61.97
2021-12-18,"Newfoundland and Labrador","dose_1",92.89
2021-12-18,"Newfoundland and Labrador","dose_2",85.72
2021-12-18,"Newfoundland and Labrador","dose_3",2.71
2021-12-18,"Prince Edward Island","dose_1",86.62
2021-12-18,"Prince Edward Island","dose_2",81.4
2021-12-18,"Prince Edward Island","dose_3",6.75
2021-12-18,"Nova Scotia","dose_1",87.13
2021-12-18,"Nova Scotia","dose_2",80.79
2021-12-18,"Nova Scotia","dose_3",7.43
2021-12-18,"New Brunswick","dose_1",85.16
2021-12-18,"New Brunswick","dose_2",78
2021-12-18,"New Brunswick","dose_3",12.67
2021-12-18,"Quebec","dose_1",83.69
2021-12-18,"Quebec","dose_2",78.05
2021-12-18,"Quebec","dose_3",7.43
2021-12-18,"Ontario","dose_1",81.2
2021-12-18,"Ontario","dose_2",76.35
2021-12-18,"Ontario","dose_3",12.45
2021-12-18,"Manitoba","dose_1",80.48
2021-12-18,"Manitoba","dose_2",74.5
2021-12-18,"Manitoba","dose_3",11.67
2021-12-18,"Saskatchewan","dose_1",78.09
2021-12-18,"Saskatchewan","dose_2",71.16
2021-12-18,"Saskatchewan","dose_3",14.06
2021-12-18,"Alberta","dose_1",77.06
2021-12-18,"Alberta","dose_2",71.62
2021-12-18,"Alberta","dose_3",13.39
2021-12-18,"British Columbia","dose_1",82.86
2021-12-18,"British Columbia","dose_2",78.24
2021-12-18,"British Columbia","dose_3",13.2
2021-12-18,"Yukon","dose_1",82.07
2021-12-18,"Yukon","dose_2",75.72
2021-12-18,"Yukon","dose_3",23.74
2021-12-18,"Northwest Territories","dose_1",77.96
2021-12-18,"Northwest Territories","dose_2",71.09
2021-12-18,"Northwest Territories","dose_3",31.16
2021-12-18,"Nunavut","dose_1",75.2
2021-12-18,"Nunavut","dose_2",61.71
2021-12-18,"Nunavut","dose_3",14.03
2021-12-25,"Newfoundland and Labrador","dose_1",93.26
2021-12-25,"Newfoundland and Labrador","dose_2",85.93
2021-12-25,"Newfoundland and Labrador","dose_3",7.62
2021-12-25,"Prince Edward Island","dose_1",87.23
2021-12-25,"Prince Edward Island","dose_2",81.46
2021-12-25,"Prince Edward Island","dose_3",9.24
2021-12-25,"Nova Scotia","dose_1",87.59
2021-12-25,"Nova Scotia","dose_2",80.98
2021-12-25,"Nova Scotia","dose_3",11.02
2021-12-25,"New Brunswick","dose_1",85.61
2021-12-25,"New Brunswick","dose_2",78.24
2021-12-25,"New Brunswick","dose_3",16.91
2021-12-25,"Quebec","dose_1",84.11
2021-12-25,"Quebec","dose_2",78.22
2021-12-25,"Quebec","dose_3",11.78
2021-12-25,"Ontario","dose_1",81.71
2021-12-25,"Ontario","dose_2",76.57
2021-12-25,"Ontario","dose_3",19.4
2021-12-25,"Manitoba","dose_1",80.94
2021-12-25,"Manitoba","dose_2",74.72
2021-12-25,"Manitoba","dose_3",17.75
2021-12-25,"Saskatchewan","dose_1",78.4
2021-12-25,"Saskatchewan","dose_2",71.56
2021-12-25,"Saskatchewan","dose_3",18.98
2021-12-25,"Alberta","dose_1",77.49
2021-12-25,"Alberta","dose_2",71.85
2021-12-25,"Alberta","dose_3",17.13
2021-12-25,"British Columbia","dose_1",83.57
2021-12-25,"British Columbia","dose_2",78.3
2021-12-25,"British Columbia","dose_3",15.48
2021-12-25,"Yukon","dose_1",82.81
2021-12-25,"Yukon","dose_2",75.9
2021-12-25,"Yukon","dose_3",25.99
2021-12-25,"Northwest Territories","dose_1",77.96
2021-12-25,"Northwest Territories","dose_2",71.09
2021-12-25,"Northwest Territories","dose_3",31.16
2021-12-25,"Nunavut","dose_1",76.06
2021-12-25,"Nunavut","dose_2",61.83
2021-12-25,"Nunavut","dose_3",16.1
2022-01-01,"Newfoundland and Labrador","dose_1",93.36
2022-01-01,"Newfoundland and Labrador","dose_2",86.01
2022-01-01,"Newfoundland and Labrador","dose_3",10.69
2022-01-01,"Prince Edward Island","dose_1",87.37
2022-01-01,"Prince Edward Island","dose_2",81.54
2022-01-01,"Prince Edward Island","dose_3",11.12
2022-01-01,"Nova Scotia","dose_1",88
2022-01-01,"Nova Scotia","dose_2",81.1
2022-01-01,"Nova Scotia","dose_3",13.41
2022-01-01,"New Brunswick","dose_1",85.85
2022-01-01,"New Brunswick","dose_2",78.31
2022-01-01,"New Brunswick","dose_3",19.31
2022-01-01,"Quebec","dose_1",84.27
2022-01-01,"Quebec","dose_2",78.32
2022-01-01,"Quebec","dose_3",16.03
2022-01-01,"Ontario","dose_1",82.02
2022-01-01,"Ontario","dose_2",76.73
2022-01-01,"Ontario","dose_3",24.83
2022-01-01,"Manitoba","dose_1",81.14
2022-01-01,"Manitoba","dose_2",74.85
2022-01-01,"Manitoba","dose_3",22.15
2022-01-01,"Saskatchewan","dose_1",78.64
2022-01-01,"Saskatchewan","dose_2",71.96
2022-01-01,"Saskatchewan","dose_3",23.54
2022-01-01,"Alberta","dose_1",77.79
2022-01-01,"Alberta","dose_2",72.02
2022-01-01,"Alberta","dose_3",19.97
2022-01-01,"British Columbia","dose_1",83.9
2022-01-01,"British Columbia","dose_2",78.46
2022-01-01,"British Columbia","dose_3",17.44
2022-01-01,"Yukon","dose_1",82.9
2022-01-01,"Yukon","dose_2",76.06
2022-01-01,"Yukon","dose_3",25.99
2022-01-01,"Northwest Territories","dose_1",78.44
2022-01-01,"Northwest Territories","dose_2",71.37
2022-01-01,"Northwest Territories","dose_3",33.4
2022-01-01,"Nunavut","dose_1",76.92
2022-01-01,"Nunavut","dose_2",61.86
2022-01-01,"Nunavut","dose_3",20.01
2022-01-08,"Newfoundland and Labrador","dose_1",93.78
2022-01-08,"Newfoundland and Labrador","dose_2",86.2
2022-01-08,"Newfoundland and Labrador","dose_3",17.64
2022-01-08,"Prince Edward Island","dose_1",87.86
2022-01-08,"Prince Edward Island","dose_2",81.68
2022-01-08,"Prince Edward Island","dose_3",14.6
2022-01-08,"Nova Scotia","dose_1",88.28
2022-01-08,"Nova Scotia","dose_2",81.13
2022-01-08,"Nova Scotia","dose_3",18.21
2022-01-08,"New Brunswick","dose_1",86.3
2022-01-08,"New Brunswick","dose_2",78.54
2022-01-08,"New Brunswick","dose_3",24.2
2022-01-08,"Quebec","dose_1",84.53
2022-01-08,"Quebec","dose_2",78.49
2022-01-08,"Quebec","dose_3",22.24
2022-01-08,"Ontario","dose_1",82.43
2022-01-08,"Ontario","dose_2",77.06
2022-01-08,"Ontario","dose_3",31.61
2022-01-08,"Manitoba","dose_1",81.54
2022-01-08,"Manitoba","dose_2",75.11
2022-01-08,"Manitoba","dose_3",27.02
2022-01-08,"Saskatchewan","dose_1",79.07
2022-01-08,"Saskatchewan","dose_2",72.74
2022-01-08,"Saskatchewan","dose_3",26.66
2022-01-08,"Alberta","dose_1",78.17
2022-01-08,"Alberta","dose_2",72.26
2022-01-08,"Alberta","dose_3",24.48
2022-01-08,"British Columbia","dose_1",84.38
2022-01-08,"British Columbia","dose_2",78.65
2022-01-08,"British Columbia","dose_3",20.89
2022-01-08,"Yukon","dose_1",83.21
2022-01-08,"Yukon","dose_2",76.15
2022-01-08,"Yukon","dose_3",32.42
2022-01-08,"Northwest Territories","dose_1",78.67
2022-01-08,"Northwest Territories","dose_2",71.48
2022-01-08,"Northwest Territories","dose_3",34.85
2022-01-08,"Nunavut","dose_1",77.72
2022-01-08,"Nunavut","dose_2",62.2
2022-01-08,"Nunavut","dose_3",22.92
